{"cameraMode":{"drawMode":0,"name":"Shaded","section":"Shading Mode"},"sceneLighting":false,"audioPlay":false,"sceneViewState":{"showFog":true,"showMaterialUpdate":true,"showSkybox":false,"showFlares":true,"showImageEffects":true,"showParticleSystems":true},"in2DMode":false,"pivot":{"x":-0.6818856000900269,"y":1.033573865890503,"z":0.5243406295776367},"rotation":{"x":-0.3287615478038788,"y":0.2888728678226471,"z":-0.10639200359582901,"w":-0.8928638100624085},"size":0.5472084283828735,"orthographic":false}