{"cameraMode":{"drawMode":0,"name":"Shaded","section":"Shading Mode"},"sceneLighting":false,"audioPlay":false,"sceneViewState":{"showFog":true,"showMaterialUpdate":true,"showSkybox":true,"showFlares":true,"showImageEffects":true,"showParticleSystems":true},"in2DMode":false,"pivot":{"x":10.328699111938477,"y":-0.10313858091831207,"z":-3.6154630184173586},"rotation":{"x":-0.1394943743944168,"y":-0.8191333413124085,"z":0.22431212663650514,"w":-0.5092283487319946},"size":10.205446243286133,"orthographic":false}