{"cameraMode":{"drawMode":0,"name":"Shaded","section":"Shading Mode"},"sceneLighting":false,"audioPlay":false,"sceneViewState":{"showFog":true,"showMaterialUpdate":true,"showSkybox":true,"showFlares":true,"showImageEffects":true,"showParticleSystems":true},"in2DMode":false,"pivot":{"x":2.4423322677612306,"y":3.156277656555176,"z":1.6880245208740235},"rotation":{"x":-0.13763011991977693,"y":-0.6812715530395508,"z":0.13262903690338136,"w":-0.7066811323165894},"size":1.6865615844726563,"orthographic":false}