{"cameraMode":{"drawMode":0,"name":"Shaded","section":"Shading Mode"},"sceneLighting":false,"audioPlay":false,"sceneViewState":{"showFog":true,"showMaterialUpdate":true,"showSkybox":false,"showFlares":true,"showImageEffects":true,"showParticleSystems":true},"in2DMode":false,"pivot":{"x":3.6864824295043947,"y":3.2650604248046877,"z":1.0346412658691407},"rotation":{"x":-0.13763011991977693,"y":-0.6812715530395508,"z":0.13262903690338136,"w":-0.7066811323165894},"size":12.12435531616211,"orthographic":false}