{"cameraMode":{"drawMode":0,"name":"Shaded","section":"Shading Mode"},"sceneLighting":false,"audioPlay":false,"sceneViewState":{"showFog":true,"showMaterialUpdate":false,"showSkybox":true,"showFlares":true,"showImageEffects":true,"showParticleSystems":true},"in2DMode":false,"pivot":{"x":-313.6059875488281,"y":-109.21490478515625,"z":-38.70059585571289},"rotation":{"x":0.10575812309980393,"y":-0.7510424256324768,"z":0.12413867563009262,"w":0.6398261785507202},"size":185.63287353515626,"orthographic":false}