{"cameraMode":{"drawMode":0,"name":"Shaded","section":"Shading Mode"},"sceneLighting":false,"audioPlay":false,"sceneViewState":{"showFog":true,"showMaterialUpdate":false,"showSkybox":true,"showFlares":true,"showImageEffects":true,"showParticleSystems":true},"in2DMode":false,"pivot":{"x":-1.1815179586410523,"y":4.424240589141846,"z":17.327213287353517},"rotation":{"x":-0.036063358187675479,"y":0.9615271687507629,"z":-0.2285468578338623,"w":-0.1484214961528778},"size":7.955422401428223,"orthographic":false}