{"cameraMode":{"drawMode":0,"name":"Shaded","section":"Shading Mode"},"sceneLighting":false,"audioPlay":false,"sceneViewState":{"showFog":true,"showMaterialUpdate":false,"showSkybox":false,"showFlares":true,"showImageEffects":true,"showParticleSystems":true},"in2DMode":false,"pivot":{"x":505.712890625,"y":-9.911324501037598,"z":300.14251708984377},"rotation":{"x":0.17394357919692994,"y":-0.16313885152339936,"z":0.02923429198563099,"w":0.9707127213478088},"size":13.022601127624512,"orthographic":false}