{"cameraMode":{"drawMode":0,"name":"Shaded","section":"Shading Mode"},"sceneLighting":false,"audioPlay":false,"sceneViewState":{"showFog":true,"showMaterialUpdate":false,"showSkybox":false,"showFlares":true,"showImageEffects":true,"showParticleSystems":true},"in2DMode":false,"pivot":{"x":-4.909999847412109,"y":1.0520000457763672,"z":-17.200000762939454},"rotation":{"x":-0.05031717196106911,"y":0.943473219871521,"z":-0.16905763745307923,"w":-0.28072190284729006},"size":1.1445523500442505,"orthographic":false}