{"cameraMode":{"drawMode":0,"name":"Shaded","section":"Shading Mode"},"sceneLighting":false,"audioPlay":false,"sceneViewState":{"showFog":true,"showMaterialUpdate":false,"showSkybox":true,"showFlares":true,"showImageEffects":true,"showParticleSystems":true},"in2DMode":false,"pivot":{"x":0.5543804168701172,"y":0.7590965032577515,"z":1.4020476341247559},"rotation":{"x":0.11962426453828812,"y":-0.47582465410232546,"z":0.0655059739947319,"w":0.8689146637916565},"size":4.144552707672119,"orthographic":false}