{"cameraMode":{"drawMode":0,"name":"Shaded","section":"Shading Mode"},"sceneLighting":true,"audioPlay":false,"sceneViewState":{"showFog":true,"showMaterialUpdate":false,"showSkybox":true,"showFlares":true,"showImageEffects":true,"showParticleSystems":true},"in2DMode":false,"pivot":{"x":-3.1566648483276369,"y":2.050858497619629,"z":0.2201160341501236},"rotation":{"x":0.08893169462680817,"y":0.6450343728065491,"z":-0.0760997086763382,"w":0.7552093863487244},"size":1.1616792678833008,"orthographic":false}