{"cameraMode":{"drawMode":0,"name":"Shaded","section":"Shading Mode"},"sceneLighting":true,"audioPlay":false,"sceneViewState":{"showFog":true,"showMaterialUpdate":false,"showSkybox":true,"showFlares":true,"showImageEffects":true,"showParticleSystems":true},"in2DMode":false,"pivot":{"x":-20.43548583984375,"y":4.193069934844971,"z":2.949056625366211},"rotation":{"x":-0.02756079100072384,"y":0.8019288778305054,"z":0.0370490700006485,"w":0.5957072973251343},"size":0.2676406502723694,"orthographic":false}