{"cameraMode":{"drawMode":0,"name":"Shaded","section":"Shading Mode"},"sceneLighting":true,"audioPlay":false,"sceneViewState":{"showFog":true,"showMaterialUpdate":false,"showSkybox":true,"showFlares":true,"showImageEffects":true,"showParticleSystems":true},"in2DMode":false,"pivot":{"x":0.2666282653808594,"y":4.72772741317749,"z":-1.9040184020996094},"rotation":{"x":0.09704776108264923,"y":-0.8192634582519531,"z":0.14553086459636689,"w":0.5462585687637329},"size":51.842254638671878,"orthographic":false}