{"cameraMode":{"drawMode":0,"name":"Shaded","section":"Shading Mode"},"sceneLighting":false,"audioPlay":false,"sceneViewState":{"showFog":true,"showMaterialUpdate":false,"showSkybox":false,"showFlares":true,"showImageEffects":true,"showParticleSystems":true},"in2DMode":false,"pivot":{"x":-36.1422004699707,"y":2.2419276237487795,"z":5.535500526428223},"rotation":{"x":0.058301422744989398,"y":0.6292788982391357,"z":-0.04756468906998634,"w":0.7736033797264099},"size":1.1236335039138795,"orthographic":false}