{"cameraMode":{"drawMode":0,"name":"Shaded","section":"Shading Mode"},"sceneLighting":false,"audioPlay":false,"sceneViewState":{"showFog":true,"showMaterialUpdate":false,"showSkybox":true,"showFlares":true,"showImageEffects":true,"showParticleSystems":true},"in2DMode":false,"pivot":{"x":608.9407348632813,"y":70.54429626464844,"z":-494.5947265625},"rotation":{"x":0.19676674902439118,"y":-0.05529249832034111,"z":0.010758957825601101,"w":0.979072630405426},"size":985.5856323242188,"orthographic":false}