{"cameraMode":{"drawMode":0,"name":"Shaded","section":"Shading Mode"},"sceneLighting":true,"audioPlay":false,"sceneViewState":{"showFog":true,"showMaterialUpdate":false,"showSkybox":false,"showFlares":true,"showImageEffects":true,"showParticleSystems":true},"in2DMode":false,"pivot":{"x":1.0750865936279297,"y":1.2484968900680543,"z":1.899439811706543},"rotation":{"x":-0.14051443338394166,"y":0.06908736377954483,"z":-0.009745864197611809,"w":-0.9877023100852966},"size":2.5676534175872804,"orthographic":false}