{"cameraMode":{"drawMode":0,"name":"Shaded","section":"Shading Mode"},"sceneLighting":false,"audioPlay":false,"sceneViewState":{"showFog":true,"showMaterialUpdate":true,"showSkybox":false,"showFlares":true,"showImageEffects":true,"showParticleSystems":true},"in2DMode":false,"pivot":{"x":-75.3099365234375,"y":28.69312858581543,"z":-543.1414184570313},"rotation":{"x":-0.0037574279122054579,"y":-0.8397801518440247,"z":0.005797986872494221,"w":-0.5429317355155945},"size":98.75799560546875,"orthographic":false}