{"cameraMode":{"drawMode":0,"name":"Shaded","section":"Shading Mode"},"sceneLighting":false,"audioPlay":false,"sceneViewState":{"showFog":true,"showMaterialUpdate":true,"showSkybox":true,"showFlares":true,"showImageEffects":true,"showParticleSystems":true},"in2DMode":false,"pivot":{"x":-26.629241943359376,"y":4.101217746734619,"z":9.247303009033204},"rotation":{"x":0.2903135120868683,"y":0.6884317994117737,"z":-0.3560488224029541,"w":0.5613089203834534},"size":0.604659914970398,"orthographic":false}