{"cameraMode":{"drawMode":0,"name":"Shaded","section":"Shading Mode"},"sceneLighting":false,"audioPlay":false,"sceneViewState":{"showFog":true,"showMaterialUpdate":true,"showSkybox":true,"showFlares":true,"showImageEffects":true,"showParticleSystems":true},"in2DMode":false,"pivot":{"x":-0.1894911527633667,"y":3.8682775497436525,"z":3.4360761642456056},"rotation":{"x":0.02310086414217949,"y":-0.9732521176338196,"z":0.1986149549484253,"w":0.1132006123661995},"size":2.5285017490386965,"orthographic":false}