{"cameraMode":{"drawMode":0,"name":"Shaded","section":"Shading Mode"},"sceneLighting":false,"audioPlay":false,"sceneViewState":{"showFog":true,"showMaterialUpdate":true,"showSkybox":true,"showFlares":true,"showImageEffects":true,"showParticleSystems":true},"in2DMode":false,"pivot":{"x":-38.37220001220703,"y":0.01294851303100586,"z":-10.516666412353516},"rotation":{"x":0.061688538640737537,"y":-0.9221633672714233,"z":0.16524311900138856,"w":0.3442562520503998},"size":5.335738658905029,"orthographic":false}