{"cameraMode":{"drawMode":0,"name":"Shaded","section":"Shading Mode"},"sceneLighting":false,"audioPlay":false,"sceneViewState":{"showFog":true,"showMaterialUpdate":true,"showSkybox":true,"showFlares":true,"showImageEffects":true,"showParticleSystems":true},"in2DMode":false,"pivot":{"x":36.04513931274414,"y":0.9613947868347168,"z":17.52214241027832},"rotation":{"x":0.00028317832038737833,"y":0.532527506351471,"z":-0.00013035447045695037,"w":0.8464698195457459},"size":2.731149911880493,"orthographic":false}