{"cameraMode":{"drawMode":0,"name":"Shaded","section":"Shading Mode"},"sceneLighting":false,"audioPlay":false,"sceneViewState":{"showFog":true,"showMaterialUpdate":true,"showSkybox":false,"showFlares":true,"showImageEffects":true,"showParticleSystems":true},"in2DMode":false,"pivot":{"x":0.592070460319519,"y":0.7887126803398132,"z":-3.4342684745788576},"rotation":{"x":0.2515246272087097,"y":0.08696066588163376,"z":-0.022698642686009408,"w":0.9636775255203247},"size":2.228502035140991,"orthographic":false}