{"cameraMode":{"drawMode":0,"name":"Shaded","section":"Shading Mode"},"sceneLighting":false,"audioPlay":false,"sceneViewState":{"showFog":true,"showMaterialUpdate":true,"showSkybox":false,"showFlares":true,"showImageEffects":true,"showParticleSystems":true},"in2DMode":false,"pivot":{"x":5.256439208984375,"y":2.3452258110046388,"z":7.42563533782959},"rotation":{"x":-0.35923808813095095,"y":-0.17514154314994813,"z":0.06867936998605728,"w":-0.9141541719436646},"size":38.492523193359378,"orthographic":false}