{"cameraMode":{"drawMode":0,"name":"Shaded","section":"Shading Mode"},"sceneLighting":false,"audioPlay":false,"sceneViewState":{"showFog":true,"showMaterialUpdate":true,"showSkybox":false,"showFlares":true,"showImageEffects":true,"showParticleSystems":true},"in2DMode":false,"pivot":{"x":-203.66433715820313,"y":144.91676330566407,"z":-478.6485595703125},"rotation":{"x":0.08474647253751755,"y":0.9087223410606384,"z":-0.22614550590515138,"w":0.34050554037094118},"size":38.49106979370117,"orthographic":false}