{"cameraMode":{"drawMode":0,"name":"Shaded","section":"Shading Mode"},"sceneLighting":true,"audioPlay":false,"sceneViewState":{"showFog":true,"showMaterialUpdate":true,"showSkybox":true,"showFlares":true,"showImageEffects":true,"showParticleSystems":true},"in2DMode":false,"pivot":{"x":11.510135650634766,"y":-0.3672677278518677,"z":-0.10466749221086502},"rotation":{"x":-0.038423310965299609,"y":-0.6178107857704163,"z":0.030231909826397897,"w":-0.7848420143127441},"size":20.84736442565918,"orthographic":false}