{"cameraMode":{"drawMode":0,"name":"Shaded","section":"Shading Mode"},"sceneLighting":false,"audioPlay":false,"sceneViewState":{"showFog":true,"showMaterialUpdate":true,"showSkybox":false,"showFlares":true,"showImageEffects":true,"showParticleSystems":true},"in2DMode":false,"pivot":{"x":-0.07053875923156738,"y":0.6771674156188965,"z":0.04192361235618591},"rotation":{"x":0.14253024756908418,"y":0.4307989180088043,"z":-0.06900110840797425,"w":0.888547956943512},"size":1.5511727333068848,"orthographic":false}